{
	"id": "9ffca576-6bec-4852-add6-a103f8586d17",
	"name": "Selekda 2024",
	"values": [
		{
			"key": "host",
			"value": "https://selekda.fazrilsh.my.id/server",
			"type": "text",
			"description": "",
			"enabled": true
		},
		{
			"key": "user_token",
			"value": "",
			"type": "text",
			"description": "",
			"enabled": true
		},
		{
			"key": "admin_token",
			"value": "",
			"type": "text",
			"description": "",
			"enabled": true
		},
		{
			"key": "username",
			"value": "john.doe",
			"type": "text",
			"description": "",
			"enabled": true
		},
		{
			"key": "password",
			"value": "123456",
			"type": "text",
			"description": "",
			"enabled": true
		},
		{
			"key": "admin",
			"value": "admin1",
			"type": "text",
			"description": "",
			"enabled": true
		},
		{
			"key": "admin_password",
			"value": "admin123",
			"type": "text",
			"description": "",
			"enabled": true
		}
	],
	"_postman_variable_scope": "environment",
	"_postman_exported_at": "2024-08-30T14:31:50.994Z",
	"_postman_exported_using": "Postman/7.0.7"
}